WORD,COUNT
má,78
año,52
vamo,47
derecho,38
trabajador,38
frent,36
amplio,34
porqu,33
paí,32
gobierno,31
si,30
uruguay,29
trabajo,25
hoy,23
tien,22
dond,22
uruguayo,21
cada,21
ciento,20
tenemo,20
ver,19
inversión,18
social,18
pública,17
nosotro,17
hacer,16
est,16
ahora,16
mundo,16
oposición,14
pued,14
américa,14
creo,14
público,14
educación,14
empresa,14
empleo,14
lugar,14
cinco,13
cómo,13
política,13
tiempo,13
meno,12
latina,12
tener,12
ser,12
va,12
hace,12
partido,12
huelga,12
empresario,12
part,11
último,11
peor,11
manera,11
realidad,10
producto,10
toda,10
oscar,10
estamo,10
poder,10
relacion,10
cambio,9
alcanza,9
laboral,9
mil,9
década,9
primero,9
van,9
despué,9
vida,9
ant,9
primera,8
cuatro,8
casi,8
important,8
bueno,8
sabemo,8
bien,8
argentina,8
brasil,8
vez,8
sabe,8
patria,8
mercado,8
cuba,8
democracia,8
acá,8
millon,8
cosa,8
dólare,8
precisamo,8
pobreza,7
estudiant,7
decir,7
entr,7
precio,7
administrar,7
mitad,7
batll,7
político,7
desd,7
haber,7
enorm,7
terminar,7
parec,7
grand,7
venezuela,7
comerci,7
mercosur,7
humano,7
desarrollo,7
punto,7
vista,7
generar,7
país,7
discusión,7
usted,7
poner,7
construir,7
barrio,7
sido,6
salario,6
peso,6
medio,6
único,6
tan,6
futuro,6
escasez,6
nacion,6
dejan,6
pueden,6
fiscal,6
solo,6
liceo,6
aún,6
economía,6
nivel,6
mejor,6
déficit,6
crisi,6
sino,6
doctor,6
pensar,6
construcción,6
colorado,6
siempr,6
cantidad,6
primer,6
sector,6
legítimo,6
cooperativa,6
proteg,6
gobierna,6
incrementaron,6
pueda,6
esfuerzo,5
momento,5
crecimiento,5
materia,5
negociación,5
colectiva,5
informalidad,5
seguridad,5
pagar,5
salud,5
respeto,5
repito,5
sobr,5
partir,5
talvi,5
hijo,5
terminan,5
mayor,5
claro,5
da,5
vivienda,5
ademá,5
gestión,5
hecho,5
unido,5
chileno,5
vender,5
forma,5
dictadura,5
do,5
militar,5
necesita,5
investigación,5
posibl,5
trabajar,5
centro,5
experiencia,5
acuerdo,5
programa,5
embargo,5
persona,5
allí,5
central,5
idea,5
tradicional,5
campaña,5
debat,5
período,5
tre,5
ocupación,5
tema,5
intendencia,5
gasto,5
tarifa,5
junto,5
previo,4
somo,4
siquiera,4
diez,4
mínimo,4
ga,4
fondo,4
responsabilidad,4
precandidato,4
pobr,4
solidaridad,4
internacion,4
pueblo,4
apena,4
ingreso,4
producción,4
problema,4
segundo,4
chiquilin,4
récord,4
sociedad,4
vive,4
proyecto,4
recesión,4
bajo,4
chile,4
caja,4
durant,4
ideológica,4
cualquier,4
diplomacia,4
fuerza,4
comercial,4
aquí,4
permita,4
recuperar,4
mayoría,4
haciendo,4
viola,4
productiva,4
fuert,4
matriz,4
república,4
integración,4
ejemplo,4
seguir,4
gent,4
agradec,4
podemo,4
mismo,4
difícil,4
pasa,4
nunca,4
cuánto,4
accident,4
diálogo,4
rol,4
sindicato,4
promov,4
mucha,4
hablan,4
vece,4
gasta,4
ahorrar,4
educativa,4
cara,4
expresaron,4
guris,4
estudiar,4
permitan,4
profundic,4
alguno,3
mirar,3
brutal,3
tercio,3
situación,3
indigencia,3
labor,3
ley,3
debe,3
sistema,3
privado,3
llegar,3
universitario,3
bonanza,3
formid,3
arroz,3
absolutament,3
sólo,3
supuesto,3
crecieron,3
bajó,3
abundancia,3
terminó,3
dejar,3
perdieron,3
jóvene,3
tercero,3
cinturon,3
mide,3
delito,3
homicidio,3
mundial,3
ve,3
voto,3
lamentablement,3
capacidad,3
economista,3
termina,3
historia,3
dejaron,3
económica,3
caída,3
mal,3
paraguay,3
entrar,3
toca,3
terminamo,3
niño,3
riesgo,3
inform,3
dónde,3
exterior,3
acceso,3
productor,3
chilena,3
mandar,3
encuentran,3
soberanía,3
organizar,3
población,3
valor,3
requier,3
papel,3
posibilidad,3
region,3
estructur,3
gracia,3
component,3
miren,3
profunda,3
solament,3
vengo,3
modelo,3
día,3
nadi,3
proceso,3
asesinado,3
pasado,3
elector,3
preso,3
vemo,3
inmigrant,3
contigo,3
defensa,3
repudi,3
abrió,3
teníamo,3
entonc,3
pregunta,3
acerca,3
recién,3
respecto,3
formación,3
mese,3
cuestión,3
así,3
funciona,3
confianza,3
gane,3
constitución,3
ocupacion,3
queremo,3
productivo,3
sanguinetti,3
atrá,3
tengamo,3
terminaron,3
incremento,3
hacemo,3
razon,3
servicio,3
unidad,3
gasoil,3
contribuyent,3
competir,3
impacto,3
presupuesto,3
demá,3
sueldo,3
semana,3
boleto,3
mérito,3
investigar,3
número,3
cargo,3
carta,3
orgánica,3
capac,3
princip,3
puesto,3
medida,3
sé,3
infelic,3
próximo,3
bajar,3
crear,3
club,3
octubr,3
generacion,3
pequeño,3
desigualdad,2
solidario,2
parado,2
frenteamplista,2
incrementar,2
intentar,2
atend,2
exclusión,2
logrado,2
económico,2
favor,2
duda,2
rural,2
hora,2
trabajadora,2
referencia,2
energía,2
ute,2
establec,2
presidencia,2
nace,2
mortalidad,2
infantil,2
instalar,2
hospit,2
ojo,2
interior,2
mujer,2
agenda,2
present,2
mentirosa,2
tuvimo,2
ocurrió,2
ocurrido,2
acaba,2
cierto,2
suert,2
encontrar,2
piensan,2
mañana,2
nacen,2
rodean,2
periferia,2
urbana,2
changa,2
dependencia,2
vano,2
batir,2
excepcion,2
epidemia,2
según,2
organización,2
violenta,2
plantea,2
deuda,2
tamaño,2
interno,2
circunstancia,2
quintil,2
clase,2
colombia,2
repartir,2
luego,2
marzo,2
curioso,2
última,2
camino,2
recort,2
jorg,2
resultado,2
actividad,2
dificultad,2
defiend,2
manejar,2
ministro,2
estaríamo,2
destino,2
amistad,2
hicieron,2
socialista,2
democristiano,2
liberal,2
conquista,2
peaj,2
bárbaro,2
funden,2
neozelandesa,2
gran,2
colocar,2
zona,2
libr,2
comercio,2
ágil,2
dinámica,2
diplomática,2
fin,2
diferent,2
exactament,2
colocado,2
extraordinariament,2
incorporar,2
dinámico,2
compra,2
inefop,2
universidad,2
utu,2
pasó,2
terciaria,2
cambiar,2
convergencia,2
intenta,2
energética,2
debiera,2
salen,2
avanc,2
cadena,2
avanzar,2
quier,2
cuesta,2
internacional,2
cuenta,2
ideológico,2
gobernaron,2
vacuna,2
llegó,2
rechazar,2
apart,2
médico,2
acced,2
tendríamo,2
mirá,2
ir,2
vien,2
contrario,2
empezaron,2
permitieron,2
militant,2
comunidad,2
call,2
defend,2
ningún,2
llevar,2
basada,2
asunto,2
vuelta,2
exclusivament,2
dato,2
desempleo,2
consigna,2
gana,2
escuchamo,2
miremo,2
ejecutivo,2
profundo,2
avanzó,2
convenio,2
registrado,2
mortal,2
difícilment,2
préstamo,2
genera,2
compañero,2
tard,2
ponemo,2
eje,2
protección,2
organizan,2
lucha,2
explotador,2
obtien,2
fond,2
manejada,2
propiedad,2
quieren,2
permitida,2
pudieran,2
falta,2
vía,2
so,2
cuánta,2
tal,2
foco,2
aport,2
cooperativo,2
derecha,2
terminaban,2
nuevo,2
ejercicio,2
dentro,2
hablando,2
libertad,2
régimen,2
aceptado,2
estuv,2
inflación,2
dice,2
forestación,2
industria,2
discapacidad,2
propuesta,2
iniciativa,2
combatir,2
gobernaban,2
buscar,2
niego,2
familiar,2
inteligent,2
cobra,2
recurso,2
darl,2
hizo,2
obtuvimo,2
planta,2
contenido,2
azufr,2
nació,2
vieja,2
costó,2
saben,2
acomodo,2
caro,2
costo,2
multiplicamo,2
penúltimo,2
gener,2
brotan,2
salvo,2
gobernó,2
salto,2
hacía,2
salir,2
funcionario,2
empleado,2
pone,2
cabeza,2
permit,2
cuidado,2
fortalec,2
gobernaba,2
duplicó,2
estudiantil,2
gratuito,2
maestro,2
gastaron,2
vengan,2
importa,2
votó,2
dieron,2
modificación,2
alta,2
armada,2
volver,2
discutir,2
creemo,2
definitiva,2
pensamo,2
familia,2
brecha,2
alternativa,2
quiero,2
segregación,2
territori,2
imprescind,2
vulnerado,2
humild,2
infancia,2
artiga,2
privilegiado,2
convocando,2
esperanza,2
región,2
convocamo,2
vaca,2
cabo,2
puedan,2
directorio,2
campo,2
andar,2
cumplir,2
tarea,2
conocí,2
iban,2
pudo,2
venga,2
vulner,2
red,2
ciudad,2
condenamo,2
simplement,2
empecé,2
buena,2
ojalá,2
base,2
domingo,2
organizars,2
espacio,2
votar,2
padr,2
orgulloso,2
español,2
necesitamo,2
junio,2
jugamo,2
óscar,1
andrad,1
ocultar,1
sustancial,1
tocó,1
recibir,1
indigent,1
conclusión,1
viento,1
acompañó,1
transformacion,1
recordar,1
extra,1
ausencia,1
huaso,1
podía,1
comprart,1
garrafa,1
kilo,1
iba,1
previa,1
generaron,1
conjunto,1
insolvencia,1
patron,1
penal,1
empresari,1
usuario,1
ass,1
millón,1
elig,1
opción,1
carné,1
subsistema,1
triplicaba,1
podían,1
cubano,1
atendiera,1
desmercantilización,1
ingresaban,1
descentralización,1
ingresan,1
publicista,1
esmerado,1
perdida,1
aborto,1
clandestino,1
decidir,1
cuerpo,1
impulso,1
ernesto,1
mezquina,1
privilegiamo,1
comprometimo,1
agropecuario,1
soja,1
trigo,1
maíz,1
carn,1
lana,1
impulsaron,1
atípico,1
indiferencia,1
logro,1
señalar,1
esquema,1
bollo,1
ocurr,1
cuerda,1
cierran,1
achican,1
financiero,1
cesant,1
emigrar,1
gastamo,1
irresponsablement,1
agujero,1
cubrir,1
endeudando,1
peligrosament,1
película,1
dejamo,1
abandonado,1
condenado,1
tarjeta,1
droga,1
rapiña,1
cuarto,1
herencia,1
disimularon,1
parecía,1
andaba,1
plana,1
computadora,1
celular,1
auto,1
crispada,1
agresiva,1
fracturada,1
terminado,1
agotado,1
ilusión,1
encarar,1
desafío,1
porvenir,1
nacimo,1
devolverl,1
comparto,1
endeudamiento,1
bruto,1
cola,1
colapsar,1
entraron,1
fundamo,1
nación,1
commod,1
entró,1
desconoc,1
fortaleza,1
construyeron,1
muchacho,1
participaba,1
magia,1
argentinabrasil,1
relativament,1
comparamo,1
perú,1
bolivia,1
empezó,1
distribuir,1
pagando,1
consecuencia,1
siendo,1
bomba,1
toqu,1
incluyendo,1
ganar,1
elección,1
receta,1
eligieron,1
transport,1
obra,1
asum,1
priorizar,1
reducción,1
recaudación,1
recortando,1
psicomotric,1
alto,1
inmujer,1
digan,1
avanza,1
multiplica,1
demuestra,1
vivió,1
independient,1
error,1
sufrimo,1
contagio,1
severo,1
aftosa,1
bancaria,1
heredamo,1
reconocida,1
internacionalment,1
dejó,1
posicionado,1
obtuvo,1
pregunto,1
astori,1
capitán,1
moderación,1
inoculó,1
delirio,1
kirchnerista,1
chavista,1
manejó,1
hubiéramo,1
caso,1
vázquez,1
pedía,1
hiciéramo,1
entrábamo,1
cesación,1
pago,1
conduciendo,1
continent,1
liderado,1
chavismo,1
castrismo,1
delirant,1
unasur,1
telesur,1
oleoducto,1
caraca,1
etcétera,1
cárcel,1
quedar,1
atrapado,1
aprovechar,1
oportunidad,1
brinda,1
salieron,1
conquistar,1
fruta,1
verdura,1
coctel,1
venta,1
desplegada,1
largo,1
ancho,1
oficina,1
proximidad,1
pesar,1
original,1
pintoresca,1
distinta,1
democrática,1
piensa,1
prohibido,1
calificar,1
dado,1
vergüenza,1
cómplice,1
alejándono,1
flagrantement,1
tradicion,1
uruguaya,1
querida,1
estructura,1
primeriza,1
agregado,1
potent,1
financien,1
articulars,1
até,1
centralizada,1
carrera,1
asimetría,1
bloqu,1
conexión,1
declaración,1
sociolabor,1
transformars,1
estatu,1
condicion,1
protocolo,1
abarcará,1
abarqu,1
biología,1
subdesarrollo,1
integra,1
cultur,1
interconexión,1
complementariedad,1
industri,1
automotriz,1
debieron,1
dirección,1
comerciamo,1
resto,1
sitio,1
dependen,1
recambio,1
variet,1
actual,1
exportacion,1
hacen,1
limiten,1
aplicó,1
conoc,1
ladrillo,1
aplicado,1
grotesca,1
pinochet,1
dura,1
desigual,1
desconocen,1
muestra,1
sorprend,1
diga,1
aspecto,1
ofreció,1
interpelar,1
interesó,1
formarno,1
grati,1
formado,1
eligió,1
postura,1
fundó,1
cubana,1
reconocía,1
fracaso,1
modificarlo,1
íbamo,1
venderl,1
inest,1
decí,1
apertura,1
firmaron,1
tratado,1
siguiendo,1
trillo,1
gradual,1
salvaguardia,1
chico,1
campesino,1
ambientalista,1
merec,1
repudio,1
dirigent,1
sindic,1
hondura,1
expulsó,1
kedar,1
elemento,1
criticar,1
puedo,1
lent,1
tipo,1
adelant,1
guatemalteco,1
separado,1
mencionar,1
inconvenient,1
condenarlo,1
severidad,1
interé,1
cordial,1
correcta,1
analizarlo,1
travé,1
organismo,1
pertinent,1
unida,1
oea,1
teoría,1
abierta,1
negado,1
comerciar,1
acortamo,1
debilidad,1
concentrado,1
maravillosa,1
aplicaron,1
noventa,1
arrancamo,1
comparar,1
veint,1
ascenso,1
aunqu,1
comparación,1
notoria,1
president,1
arranca,1
pulverización,1
breve,1
tra,1
anuncio,1
liquidar,1
flexibilizar,1
cuestion,1
pulverizó,1
consejo,1
pulverizar,1
tasa,1
sindicalización,1
baja,1
época,1
amparaban,1
lista,1
negra,1
heut,1
perseguir,1
sindical,1
despedían,1
integrant,1
secretariado,1
abdalah,1
ismael,1
fuent,1
pepsi,1
complicidad,1
absoluta,1
integrando,1
pasaron,1
asesorar,1
cámara,1
empresarial,1
decíamo,1
formalización,1
aprobando,1
promedio,1
aprobara,1
norma,1
muert,1
aquella,1
acuerda,1
sostenía,1
inconstitucion,1
constitucion,1
redujo,1
banco,1
seguro,1
dicen,1
bajamo,1
siniestro,1
generemo,1
becado,1
estudio,1
terciario,1
entregado,1
material,1
reintegr,1
mejoren,1
hogar,1
condición,1
arreglo,1
odontológico,1
pasen,1
curso,1
encuentren,1
chupan,1
tóxico,1
citru,1
cobran,1
cosecha,1
precarización,1
reconocemo,1
promoción,1
paradigma,1
conflicto,1
confrontación,1
explotado,1
lógica,1
quita,1
funcionan,1
trabajan,1
figura,1
fundament,1
complementan,1
experimento,1
procuró,1
remov,1
dore,1
empezar,1
funcionar,1
prosperidad,1
compartida,1
entendemo,1
concepto,1
productividad,1
exprimir,1
ganamo,1
cesar,1
ocupar,1
pertenec,1
encima,1
impedirm,1
crean,1
pierden,1
evitarlo,1
creador,1
única,1
crea,1
fabricant,1
cuidarlo,1
incentivarlo,1
invertir,1
digo,1
próxima,1
vea,1
dale,1
abrazo,1
decirl,1
vo,1
autogestionaria,1
instala,1
culpa,1
efecto,1
imagen,1
planteando,1
dbase,1
retroced,1
nefasto,1
exist,1
consagrado,1
dar,1
marcha,1
ilegítima,1
acaso,1
adhieren,1
carnero,1
protegemo,1
propietario,1
industrial,1
fundida,1
ocupando,1
ofrecían,1
aumento,1
diciendo,1
prometen,1
recortar,1
preocupación,1
frigorífica,1
jubila,1
colocan,1
batllista,1
enseñar,1
protegen,1
vanguardia,1
ulteriorment,1
preservar,1
dispar,1
perdió,1
tambo,1
cerrar,1
capit,1
perdido,1
mandando,1
montevideo,1
recog,1
contenedor,1
cierta,1
allá,1
rebalancear,1
amigo,1
contraposición,1
necesitan,1
mutuament,1
administra,1
calidad,1
impuesto,1
finlandes,1
latinoamericano,1
uso,1
escandaloso,1
déjeme,1
algún,1
creció,1
vínculo,1
tratar,1
reacondicionar,1
aumentado,1
choclo,1
financiar,1
ancha,1
cómodament,1
desulfurizadora,1
combust,1
producir,1
presupuestó,1
costando,1
hicist,1
cuest,1
usar,1
maquinaria,1
agrícola,1
moderna,1
fund,1
motor,1
hicimo,1
fiesta,1
inaugurar,1
llama,1
incompetencia,1
amiguismo,1
pagamo,1
pagan,1
mochila,1
cultura,1
evaluar,1
migré,1
graduación,1
seguimo,1
penultima,1
avanzaron,1
avanzamo,1
inacept,1
sensación,1
impunidad,1
dueño,1
recurrent,1
entregó,1
peleando,1
fideicomiso,1
cao,1
tendencia,1
mira,1
uia,1
aumentaron,1
objetivo,1
quisieron,1
intentaron,1
ola,1
privatizadora,1
volvieron,1
intentado,1
permanentement,1
conectividad,1
presentó,1
locomotora,1
apuntalando,1
tecnológico,1
ciencia,1
tecnología,1
ambiental,1
asistencia,1
resulta,1
hablen,1
condenaron,1
científica,1
egresado,1
triplicó,1
posgrado,1
plan,1
ceibal,1
cuál,1
presentar,1
pagaba,1
profesor,1
disciplina,1
educan,1
abramo,1
miseria,1
diablo,1
hacían,1
podé,1
tirar,1
cien,1
real,1
sient,1
contá,1
madr,1
lámina,1
bella,1
unión,1
maroña,1
hija,1
leer,1
preciso,1
instituto,1
evaluación,1
desastr,1
molino,1
jactan,1
opusieron,1
eléctrica,1
salido,1
blanco,1
exceso,1
dobl,1
discurso,1
reforma,1
par,1
exagerado,1
coronel,1
pasemo,1
tampoco,1
evolución,1
rojo,1
antel,1
verd,1
söze,1
violeta,1
ancap,1
evolucionaron,1
debajo,1
ello,1
horribl,1
bajan,1
innovación,1
tecnológica,1
evolucionan,1
compiten,1
votamo,1
déjame,1
tomart,1
planteamo,1
queríamo,1
cometido,1
financiamiento,1
cicatrizar,1
herida,1
golp,1
heredar,1
voten,1
propia,1
desaparecido,1
mientra,1
sola,1
necesit,1
duelo,1
descend,1
clarament,1
articular,1
interes,1
peña,1
alguna,1
hablar,1
transferencia,1
directa,1
aquel,1
golpear,1
conocimo,1
extranjera,1
privada,1
aplicar,1
inmediata,1
duplicación,1
infraestructura,1
relación,1
inviert,1
encadenamiento,1
muev,1
siderúrgica,1
aserradero,1
cantera,1
cãlera,1
balacera,1
fácilment,1
calificación,1
impacta,1
fuertement,1
regulen,1
alquiler,1
noruega,1
produzca,1
otorguen,1
alquil,1
regular,1
intent,1
resolv,1
violencia,1
insuficient,1
construida,1
becar,1
crié,1
poda,1
dejaban,1
compara,1
inadmis,1
vale,1
atiend,1
vulnerada,1
legó,1
siembr,1
transformando,1
pasando,1
disolvió,1
ministerio,1
macri,1
aplaudían,1
jujuy,1
legalizó,1
pedido,1
tabacalera,1
saber,1
apoyado,1
movimiento,1
solidaria,1
vivan,1
situacion,1
varia,1
necesariament,1
coalición,1
dije,1
cóctel,1
hacia,1
estilo,1
manten,1
preferencia,1
negociar,1
entrada,1
pedirl,1
pedir,1
permiso,1
conducta,1
irrespons,1
votada,1
bachelet,1
gorda,1
límite,1
flaca,1
ajust,1
atraso,1
cambiario,1
previsibilidad,1
reducir,1
convicción,1
revirtiendo,1
desaguisado,1
cometió,1
repon,1
vacant,1
comprometiendo,1
estabilidad,1
temprano,1
explotar,1
ponerl,1
cascabel,1
gato,1
reguladora,1
fijar,1
competencia,1
designar,1
gerencia,1
competent,1
experient,1
manejo,1
organizacion,1
compleja,1
tomada,1
concurso,1
evaluada,1
rinden,1
dio,1
curen,1
integrado,1
indiqu,1
carolina,1
cose,1
proponemo,1
podremo,1
electricidad,1
sobrar,1
soltarl,1
rienda,1
lechería,1
incentivo,1
parecido,1
recib,1
derogar,1
decreto,1
interpreta,1
extensión,1
natur,1
policía,1
entrenada,1
remunerada,1
dignidad,1
efectividad,1
carcelaria,1
reeducar,1
reintegrar,1
aquello,1
escuela,1
crimen,1
hago,1
total,1
económicament,1
activa,1
gestionaron,1
gestionar,1
brutalment,1
clientelista,1
hacers,1
abierto,1
teléfono,1
sacar,1
jubilación,1
entraba,1
clientelismo,1
hablaba,1
costar,1
paga,1
deriva,1
digno,1
rentabilidad,1
imaginar,1
diciembr,1
echado,1
germán,1
araújo,1
senado,1
votado,1
caducidad,1
federación,1
integrast,1
empujó,1
artística,1
complement,1
ayud,1
tercer,1
secundaria,1
completar,1
transición,1
instalando,1
sigu,1
estudiando,1
dijist,1
intervención,1
anterior,1
hablast,1
hacerlo,1
erario,1
híper,1
completo,1
contención,1
compartir,1
chiquilín,1
juega,1
erróneament,1
creen,1
recuper,1
etapa,1
tardía,1
muchísimo,1
recuperarlo,1
importancia,1
caif,1
reconozco,1
crece,1
interna,1
intercambiar,1
planteó,1
enfoqu,1
balanc,1
civilizada,1
convocaban,1
juventud,1
aniversario,1
río,1
pedían,1
enchastr,1
descalificación,1
provocacion,1
pudiendo,1
darno,1
mano,1
final,1
hemo,1
emocionaba,1
imágen,1
compañera,1
organizaron,1
precandidata,1
dijeron,1
sentirs,1
representado,1
popular,1
transformar,1
fraternidad,1
sembrar,1
capaz,1
abolengo,1
vicepresidencia,1
agua,1
potabl,1
aprend,1
vecina,1
pudiera,1
acarrear,1
aljib,1
merendero,1
dejara,1
cena,1
suero,1
oral,1
lograr,1
gurí,1
muriera,1
deshidratado,1
aprendí,1
llega,1
cascot,1
pasar,1
entra,1
olla,1
gratuita,1
presta,1
humana,1
encuentro,1
puent,1
línea,1
legaron,1
misma,1
agradecimiento,1
cree,1
pensá,1
basta,1
distinto,1
honesto,1
ideal,1
conviccion,1
academia,1
afortunada,1
educarm,1
origen,1
podido,1
máximo,1
académica,1
doctorado,1
ponerlo,1
conocimiento,1
rico,1
precisament,1
estábamo,1
compañía,1
alemania,1
bélgica,1
francia,1
ganaba,1
guerra,1
verdad,1
soñó,1
europa,1
ordóñez,1
vivía,1
maelo,1
construyó,1
amabl,1
justo,1
convivía,1
armonía,1
educado,1
cívico,1
raíc,1
evocaba,1
suiza,1
tacita,1
plata,1
frontera,1
queda,1
lejo,1
sueñan,1
irs,1
afincado,1
tierra,1
vio,1
nacer,1
llegamo,1
dejarl,1
siglo,1
venimo,1
espíritu,1
transformador,1
optimista,1
batllismo,1
vuelva,1
vigor,1
frescura,1
vitalidad,1
herramienta,1
transformación,1
alejado,1
pido,1
entren,1
cancha,1
den,1
puntapié,1
inici,1
iniciar,1
histórico,1
vayan,1
gobernar,1
representar,1
empujar,1
newlin,1
at,1
end,1
of,1
file,1
