WORD,COUNT
abandonado,1
abarcará,1
abarqu,1
abdalah,1
abierta,1
abierto,1
abolengo,1
aborto,1
abramo,1
abrazo,1
abrió,3
absoluta,1
absolutament,3
abundancia,3
acaba,2
academia,1
académica,1
acarrear,1
acaso,1
acced,2
acceso,3
accident,4
aceptado,2
acerca,3
achican,1
acomodo,2
acompañó,1
acortamo,1
activa,1
actividad,2
actual,1
acuerda,1
acuerdo,5
acá,8
adelant,1
ademá,5
adhieren,1
administra,1
administrar,7
afincado,1
afortunada,1
aftosa,1
agenda,2
agotado,1
agradec,4
agradecimiento,1
agregado,1
agresiva,1
agropecuario,1
agrícola,1
agua,1
agujero,1
ahora,16
ahorrar,4
ajust,1
alcanza,9
alejado,1
alejándono,1
alemania,1
alguna,1
alguno,3
algún,1
aljib,1
allá,1
allí,5
alquil,1
alquiler,1
alta,2
alternativa,2
alto,1
amabl,1
ambiental,1
ambientalista,1
amigo,1
amiguismo,1
amistad,2
amparaban,1
amplio,34
américa,14
analizarlo,1
ancap,1
ancha,1
ancho,1
andaba,1
andar,2
andrad,1
aniversario,1
ant,9
antel,1
anterior,1
anuncio,1
apart,2
apena,4
apertura,1
aplaudían,1
aplicado,1
aplicar,1
aplicaron,1
aplicó,1
aport,2
apoyado,1
aprend,1
aprendí,1
aprobando,1
aprobara,1
aprovechar,1
apuntalando,1
aquel,1
aquella,1
aquello,1
aquí,4
araújo,1
argentina,8
argentinabrasil,1
armada,2
armonía,1
arranca,1
arrancamo,1
arreglo,1
arroz,3
articular,1
articulars,1
artiga,2
artística,1
ascenso,1
aserradero,1
asesinado,3
asesorar,1
asimetría,1
asistencia,1
aspecto,1
ass,1
astori,1
asum,1
asunto,2
así,3
at,1
atend,2
atendiera,1
atiend,1
atrapado,1
atraso,1
atrá,3
até,1
atípico,1
aumentado,1
aumentaron,1
aumento,1
aunqu,1
ausencia,1
auto,1
autogestionaria,1
automotriz,1
avanc,2
avanza,1
avanzamo,1
avanzar,2
avanzaron,1
avanzó,2
ayud,1
azufr,2
año,52
aún,6
bachelet,1
baja,1
bajamo,1
bajan,1
bajar,3
bajo,4
bajó,3
balacera,1
balanc,1
bancaria,1
banco,1
barrio,7
basada,2
base,2
basta,1
batir,2
batll,7
batllismo,1
batllista,1
becado,1
becar,1
bella,1
bien,8
biología,1
blanco,1
bloqu,1
boleto,3
bolivia,1
bollo,1
bomba,1
bonanza,3
brasil,8
brecha,2
breve,1
brinda,1
brotan,2
brutal,3
brutalment,1
bruto,1
buena,2
bueno,8
buscar,2
bárbaro,2
bélgica,1
cabeza,2
cabo,2
cada,21
cadena,2
caducidad,1
caif,1
caja,4
calidad,1
calificación,1
calificar,1
call,2
cambiar,2
cambiario,1
cambio,9
camino,2
campaña,5
campesino,1
campo,2
cancha,1
cantera,1
cantidad,6
cao,1
capac,3
capacidad,3
capaz,1
capit,1
capitán,1
cara,4
caraca,1
carcelaria,1
cargo,3
carn,1
carnero,1
carné,1
caro,2
carolina,1
carrera,1
carta,3
cascabel,1
cascot,1
casi,8
caso,1
castrismo,1
caída,3
ceibal,1
celular,1
cena,1
central,5
centralizada,1
centro,5
cerrar,1
cesación,1
cesant,1
cesar,1
changa,2
chavismo,1
chavista,1
chico,1
chile,4
chilena,3
chileno,5
chiquilin,4
chiquilín,1
choclo,1
chupan,1
cicatrizar,1
cien,1
ciencia,1
ciento,20
científica,1
cierran,1
cierta,1
cierto,2
cinco,13
cinturon,3
circunstancia,2
citru,1
ciudad,2
civilizada,1
clandestino,1
clarament,1
claro,5
clase,2
clientelismo,1
clientelista,1
club,3
coalición,1
cobra,2
cobran,1
coctel,1
cola,1
colapsar,1
colectiva,5
colocado,2
colocan,1
colocar,2
colombia,2
colorado,6
combatir,2
combust,1
comerci,7
comercial,4
comerciamo,1
comerciar,1
comercio,2
cometido,1
cometió,1
commod,1
compara,1
comparación,1
comparamo,1
comparar,1
compartida,1
compartir,1
comparto,1
compañera,1
compañero,2
compañía,1
competencia,1
competent,1
competir,3
compiten,1
compleja,1
complement,1
complementan,1
complementariedad,1
completar,1
completo,1
complicidad,1
component,3
compra,2
comprart,1
comprometiendo,1
comprometimo,1
computadora,1
comunidad,2
concentrado,1
concepto,1
conclusión,1
concurso,1
condenado,1
condenamo,2
condenarlo,1
condenaron,1
condicion,1
condición,1
conduciendo,1
conducta,1
conectividad,1
conexión,1
confianza,3
conflicto,1
confrontación,1
conjunto,1
conoc,1
conocimiento,1
conocimo,1
conocí,2
conquista,2
conquistar,1
consagrado,1
consecuencia,1
consejo,1
consigna,2
constitucion,1
constitución,3
construcción,6
construida,1
construir,7
construyeron,1
construyó,1
contagio,1
contención,1
contenedor,1
contenido,2
contigo,3
continent,1
contraposición,1
contrario,2
contribuyent,3
contá,1
convenio,2
convergencia,2
conviccion,1
convicción,1
convivía,1
convocaban,1
convocamo,2
convocando,2
cooperativa,6
cooperativo,2
cordial,1
coronel,1
correcta,1
cosa,8
cose,1
cosecha,1
costando,1
costar,1
costo,2
costó,2
crea,1
creador,1
crean,1
crear,3
crece,1
crecieron,3
crecimiento,5
creció,1
cree,1
creemo,2
creen,1
creo,14
crimen,1
crisi,6
crispada,1
criticar,1
crié,1
cualquier,4
cuarto,1
cuatro,8
cuba,8
cubana,1
cubano,1
cubrir,1
cuenta,2
cuerda,1
cuerpo,1
cuest,1
cuesta,2
cuestion,1
cuestión,3
cuidado,2
cuidarlo,1
culpa,1
cultur,1
cultura,1
cumplir,2
curen,1
curioso,2
curso,1
cuál,1
cuánta,2
cuánto,4
cámara,1
cárcel,1
cãlera,1
cívico,1
cóctel,1
cómo,13
cómodament,1
cómplice,1
da,5
dado,1
dale,1
dar,1
darl,2
darno,1
dato,2
dbase,1
debajo,1
debat,5
debe,3
debiera,2
debieron,1
debilidad,1
decidir,1
decir,7
decirl,1
declaración,1
decreto,1
decí,1
decíamo,1
defend,2
defensa,3
defiend,2
definitiva,2
dejaban,1
dejamo,1
dejan,6
dejar,3
dejara,1
dejarl,1
dejaron,3
dejó,1
delirant,1
delirio,1
delito,3
democracia,8
democristiano,2
democrática,1
demuestra,1
demá,3
den,1
dentro,2
dependen,1
dependencia,2
derecha,2
derecho,38
deriva,1
derogar,1
desafío,1
desaguisado,1
desaparecido,1
desarrollo,7
desastr,1
descalificación,1
descend,1
descentralización,1
desconoc,1
desconocen,1
desd,7
desempleo,2
deshidratado,1
designar,1
desigual,1
desigualdad,2
desmercantilización,1
despedían,1
desplegada,1
despué,9
destino,2
desulfurizadora,1
deuda,2
devolverl,1
diablo,1
dice,2
dicen,1
diciembr,1
diciendo,1
dictadura,5
dieron,2
diez,4
diferent,2
dificultad,2
difícil,4
difícilment,2
diga,1
digan,1
dignidad,1
digno,1
digo,1
dije,1
dijeron,1
dijist,1
dinámica,2
dinámico,2
dio,1
diplomacia,4
diplomática,2
dirección,1
directa,1
directorio,2
dirigent,1
discapacidad,2
disciplina,1
discurso,1
discusión,7
discutir,2
disimularon,1
disolvió,1
dispar,1
distinta,1
distinto,1
distribuir,1
diálogo,4
do,5
dobl,1
doctor,6
doctorado,1
domingo,2
dond,22
dore,1
droga,1
duda,2
duelo,1
dueño,1
duplicación,1
duplicó,2
dura,1
durant,4
década,9
déficit,6
déjame,1
déjeme,1
día,3
dólare,8
dónde,3
echado,1
economista,3
economía,6
económica,3
económicament,1
económico,2
educación,14
educado,1
educan,1
educarm,1
educativa,4
efectividad,1
efecto,1
egresado,1
eje,2
ejecutivo,2
ejemplo,4
ejercicio,2
elección,1
elector,3
electricidad,1
elemento,1
elig,1
eligieron,1
eligió,1
ello,1
eléctrica,1
embargo,5
emigrar,1
emocionaba,1
empecé,2
empezar,1
empezaron,2
empezó,1
empleado,2
empleo,14
empresa,14
empresari,1
empresarial,1
empresario,12
empujar,1
empujó,1
encadenamiento,1
encarar,1
enchastr,1
encima,1
encontrar,2
encuentran,3
encuentren,1
encuentro,1
end,1
endeudamiento,1
endeudando,1
energética,2
energía,2
enfoqu,1
enorm,7
enseñar,1
entendemo,1
entonc,3
entr,7
entra,1
entraba,1
entrada,1
entrar,3
entraron,1
entregado,1
entregó,1
entren,1
entrenada,1
entrábamo,1
entró,1
epidemia,2
erario,1
ernesto,1
error,1
erróneament,1
escandaloso,1
escasez,6
escuchamo,2
escuela,1
esfuerzo,5
esmerado,1
espacio,2
español,2
esperanza,2
espíritu,1
esquema,1
est,16
estabilidad,1
establec,2
estamo,10
estaríamo,2
estatu,1
estilo,1
estructur,3
estructura,1
estudiando,1
estudiant,7
estudiantil,2
estudiar,4
estudio,1
estuv,2
estábamo,1
etapa,1
etcétera,1
europa,1
evaluación,1
evaluada,1
evaluar,1
evitarlo,1
evocaba,1
evolucionan,1
evolucionaron,1
evolución,1
exactament,2
exagerado,1
excepcion,2
exceso,1
exclusivament,2
exclusión,2
exist,1
experiencia,5
experient,1
experimento,1
explotado,1
explotador,2
explotar,1
exportacion,1
expresaron,4
exprimir,1
expulsó,1
extensión,1
exterior,3
extra,1
extranjera,1
extraordinariament,2
fabricant,1
falta,2
familia,2
familiar,2
favor,2
federación,1
fideicomiso,1
fiesta,1
figura,1
fijar,1
file,1
fin,2
final,1
financiamiento,1
financiar,1
financien,1
financiero,1
finlandes,1
firmaron,1
fiscal,6
flaca,1
flagrantement,1
flexibilizar,1
foco,2
fond,2
fondo,4
forestación,2
forma,5
formación,3
formado,1
formalización,1
formarno,1
formid,3
fortalec,2
fortaleza,1
fracaso,1
fracturada,1
francia,1
fraternidad,1
frent,36
frenteamplista,2
frescura,1
frigorífica,1
frontera,1
fruta,1
fuent,1
fuert,4
fuertement,1
fuerza,4
funciona,3
funcionan,1
funcionar,1
funcionario,2
fund,1
fundament,1
fundamo,1
funden,2
fundida,1
fundó,1
futuro,6
fácilment,1
ga,4
gana,2
ganaba,1
ganamo,1
ganar,1
gane,3
garrafa,1
gasoil,3
gasta,4
gastamo,1
gastaron,2
gasto,5
gato,1
gener,2
genera,2
generacion,3
generar,7
generaron,1
generemo,1
gent,4
gerencia,1
germán,1
gestionar,1
gestionaron,1
gestión,5
gobernaba,2
gobernaban,2
gobernar,1
gobernaron,2
gobernó,2
gobierna,6
gobierno,31
golp,1
golpear,1
gorda,1
gracia,3
graduación,1
gradual,1
gran,2
grand,7
grati,1
gratuita,1
gratuito,2
grotesca,1
guatemalteco,1
guerra,1
guris,4
gurí,1
haber,7
hablaba,1
hablan,4
hablando,2
hablar,1
hablast,1
hablen,1
hace,12
hacemo,3
hacen,1
hacer,16
hacerlo,1
hacers,1
hacia,1
haciendo,4
hacía,2
hacían,1
hago,1
hecho,5
hemo,1
heredamo,1
heredar,1
herencia,1
herida,1
herramienta,1
heut,1
hicieron,2
hicimo,1
hicist,1
hiciéramo,1
hija,1
hijo,5
historia,3
histórico,1
hizo,2
hogar,1
homicidio,3
hondura,1
honesto,1
hora,2
horribl,1
hospit,2
hoy,23
huaso,1
hubiéramo,1
huelga,12
humana,1
humano,7
humild,2
híper,1
iba,1
iban,2
idea,5
ideal,1
ideológica,4
ideológico,2
ilegítima,1
ilusión,1
imagen,1
imaginar,1
impacta,1
impacto,3
impedirm,1
importa,2
importancia,1
important,8
imprescind,2
impuesto,1
impulsaron,1
impulso,1
impunidad,1
imágen,1
inacept,1
inadmis,1
inaugurar,1
incentivarlo,1
incentivo,1
incluyendo,1
incompetencia,1
inconstitucion,1
inconvenient,1
incorporar,2
incrementar,2
incrementaron,6
incremento,3
independient,1
indiferencia,1
indigencia,3
indigent,1
indiqu,1
industri,1
industria,2
industrial,1
inefop,2
inest,1
infancia,2
infantil,2
infelic,3
inflación,2
inform,3
informalidad,5
infraestructura,1
ingresaban,1
ingresan,1
ingreso,4
inici,1
iniciar,1
iniciativa,2
inmediata,1
inmigrant,3
inmujer,1
innovación,1
inoculó,1
insolvencia,1
instala,1
instalando,1
instalar,2
instituto,1
insuficient,1
integra,1
integración,4
integrado,1
integrando,1
integrant,1
integrast,1
inteligent,2
intendencia,5
intent,1
intenta,2
intentado,1
intentar,2
intentaron,1
intercambiar,1
interconexión,1
interes,1
interesó,1
interior,2
interna,1
internacion,4
internacional,2
internacionalment,1
interno,2
interpelar,1
interpreta,1
intervención,1
interé,1
inversión,18
invertir,1
investigación,5
investigar,3
inviert,1
ir,2
irrespons,1
irresponsablement,1
irs,1
ismael,1
jactan,1
jorg,2
jubila,1
jubilación,1
juega,1
jugamo,2
jujuy,1
junio,2
junto,5
justo,1
juventud,1
jóvene,3
kedar,1
kilo,1
kirchnerista,1
labor,3
laboral,9
ladrillo,1
lamentablement,3
lana,1
largo,1
latina,12
latinoamericano,1
lechería,1
leer,1
legalizó,1
legaron,1
legítimo,6
legó,1
lejo,1
lent,1
ley,3
liberal,2
libertad,2
libr,2
liceo,6
liderado,1
limiten,1
liquidar,1
lista,1
llama,1
llega,1
llegamo,1
llegar,3
llegó,2
llevar,2
locomotora,1
logrado,2
lograr,1
logro,1
lucha,2
luego,2
lugar,14
lámina,1
límite,1
línea,1
lógica,1
macri,1
madr,1
maelo,1
maestro,2
magia,1
mal,3
mandando,1
mandar,3
manejada,2
manejar,2
manejo,1
manejó,1
manera,11
mano,1
manten,1
maquinaria,1
maravillosa,1
marcha,1
maroña,1
marzo,2
materia,5
material,1
matriz,4
mayor,5
mayoría,4
maíz,1
mañana,2
medida,3
medio,6
mejor,6
mejoren,1
mencionar,1
meno,12
mentirosa,2
mercado,8
mercosur,7
merec,1
merendero,1
mese,3
mezquina,1
mide,3
mientra,1
migré,1
mil,9
militant,2
militar,5
millon,8
millón,1
ministerio,1
ministro,2
mira,1
mirar,3
miremo,2
miren,3
mirá,2
miseria,1
misma,1
mismo,4
mitad,7
mochila,1
modelo,3
moderación,1
moderna,1
modificación,2
modificarlo,1
molino,1
momento,5
montevideo,1
mortal,2
mortalidad,2
motor,1
movimiento,1
mucha,4
muchacho,1
muchísimo,1
muert,1
muestra,1
muev,1
mujer,2
multiplica,1
multiplicamo,2
mundial,3
mundo,16
muriera,1
mutuament,1
má,78
máximo,1
médico,2
mérito,3
mínimo,4
nace,2
nacen,2
nacer,1
nacimo,1
nacion,6
nació,2
nación,1
nadi,3
natur,1
necesariament,1
necesit,1
necesita,5
necesitamo,2
necesitan,1
nefasto,1
negado,1
negociación,5
negociar,1
negra,1
neozelandesa,2
newlin,1
niego,2
ningún,2
nivel,6
niño,3
norma,1
noruega,1
nosotro,17
notoria,1
noventa,1
nuevo,2
nunca,4
número,3
objetivo,1
obra,1
obtien,2
obtuvimo,2
obtuvo,1
octubr,3
ocultar,1
ocupacion,3
ocupación,5
ocupando,1
ocupar,1
ocurr,1
ocurrido,2
ocurrió,2
odontológico,1
oea,1
of,1
oficina,1
ofreció,1
ofrecían,1
ojalá,2
ojo,2
ola,1
oleoducto,1
olla,1
opción,1
oportunidad,1
oposición,14
optimista,1
opusieron,1
oral,1
ordóñez,1
organismo,1
organizacion,1
organización,2
organizan,2
organizar,3
organizaron,1
organizars,2
orgulloso,2
orgánica,3
origen,1
original,1
oscar,10
otorguen,1
padr,2
paga,1
pagaba,1
pagamo,1
pagan,1
pagando,1
pagar,5
pago,1
papel,3
par,1
paradigma,1
parado,2
paraguay,3
parec,7
parecido,1
parecía,1
part,11
participaba,1
partido,12
partir,5
pasa,4
pasado,3
pasando,1
pasar,1
pasaron,1
pasemo,1
pasen,1
pasó,2
patria,8
patron,1
paí,32
país,7
peaj,2
pedido,1
pedir,1
pedirl,1
pedía,1
pedían,1
peleando,1
peligrosament,1
película,1
penal,1
pensamo,2
pensar,6
pensá,1
penultima,1
penúltimo,2
peor,11
pepsi,1
pequeño,3
perdida,1
perdido,1
perdieron,3
perdió,1
periferia,2
permanentement,1
permiso,1
permit,2
permita,4
permitan,4
permitida,2
permitieron,2
perseguir,1
persona,5
pertenec,1
pertinent,1
período,5
perú,1
pesar,1
peso,6
peña,1
pido,1
piensa,1
piensan,2
pierden,1
pinochet,1
pintoresca,1
plan,1
plana,1
planta,2
plantea,2
planteamo,1
planteando,1
planteó,1
plata,1
población,3
pobr,4
pobreza,7
poda,1
podemo,4
poder,10
podido,1
podremo,1
podé,1
podía,1
podían,1
policía,1
política,13
político,7
pone,2
ponemo,2
poner,7
ponerl,1
ponerlo,1
popular,1
porqu,33
porvenir,1
posgrado,1
posibilidad,3
posibl,5
posicionado,1
postura,1
potabl,1
potent,1
precandidata,1
precandidato,4
precarización,1
precio,7
precisament,1
precisamo,8
preciso,1
preferencia,1
pregunta,3
pregunto,1
preocupación,1
present,2
presentar,1
presentó,1
preservar,1
presidencia,2
president,1
preso,3
presta,1
presupuesto,3
presupuestó,1
previa,1
previo,4
previsibilidad,1
primer,6
primera,8
primeriza,1
primero,9
princip,3
priorizar,1
privada,1
privado,3
privatizadora,1
privilegiado,2
privilegiamo,1
problema,4
proceso,3
procuró,1
producción,4
producir,1
productiva,4
productividad,1
productivo,3
producto,10
productor,3
produzca,1
profesor,1
profunda,3
profundic,4
profundo,2
programa,5
prohibido,1
promedio,1
prometen,1
promoción,1
promov,4
propia,1
propiedad,2
propietario,1
proponemo,1
propuesta,2
prosperidad,1
protección,2
proteg,6
protegemo,1
protegen,1
protocolo,1
provocacion,1
proximidad,1
proyecto,4
préstamo,2
próxima,1
próximo,3
psicomotric,1
publicista,1
pudiendo,1
pudiera,1
pudieran,2
pudo,2
pueblo,4
pued,14
pueda,6
puedan,2
pueden,6
puedo,1
puent,1
puesto,3
pulverización,1
pulverizar,1
pulverizó,1
puntapié,1
punto,7
pública,17
público,14
queda,1
quedar,1
queremo,3
querida,1
queríamo,1
quier,2
quieren,2
quiero,2
quintil,2
quisieron,1
quita,1
rapiña,1
razon,3
raíc,1
reacondicionar,1
real,1
realidad,10
rebalancear,1
recambio,1
recaudación,1
recesión,4
receta,1
rechazar,2
recib,1
recibir,1
recién,3
recog,1
reconocemo,1
reconocida,1
reconocía,1
reconozco,1
recordar,1
recort,2
recortando,1
recortar,1
recuper,1
recuperar,4
recuperarlo,1
recurrent,1
recurso,2
red,2
reducción,1
reducir,1
redujo,1
reeducar,1
referencia,2
reforma,1
region,3
registrado,2
región,2
reguladora,1
regular,1
regulen,1
reintegr,1
reintegrar,1
relacion,10
relación,1
relativament,1
remov,1
remunerada,1
rentabilidad,1
repartir,2
repito,5
repon,1
representado,1
representar,1
repudi,3
repudio,1
república,4
requier,3
resolv,1
respecto,3
respeto,5
responsabilidad,4
resto,1
resulta,1
resultado,2
retroced,1
revirtiendo,1
rico,1
rienda,1
riesgo,3
rinden,1
rodean,2
rojo,1
rol,4
rural,2
récord,4
régimen,2
río,1
sabe,8
sabemo,8
saben,2
saber,1
sacar,1
salario,6
salen,2
salido,1
salieron,1
salir,2
salto,2
salud,5
salvaguardia,1
salvo,2
sanguinetti,3
secretariado,1
sector,6
secundaria,1
segregación,2
seguimo,1
seguir,4
segundo,4
seguridad,5
seguro,1
según,2
semana,3
sembrar,1
senado,1
sensación,1
sentirs,1
separado,1
ser,12
servicio,3
severidad,1
severo,1
señalar,1
si,30
siderúrgica,1
sido,6
siembr,1
siempr,6
siendo,1
sient,1
siglo,1
sigu,1
siguiendo,1
simplement,2
sindic,1
sindical,1
sindicalización,1
sindicato,4
siniestro,1
sino,6
siquiera,4
sistema,3
sitio,1
situacion,1
situación,3
so,2
soberanía,3
sobr,5
sobrar,1
social,18
socialista,2
sociedad,4
sociolabor,1
soja,1
sola,1
solament,3
solidaria,1
solidaridad,4
solidario,2
solo,6
soltarl,1
somo,4
sorprend,1
sostenía,1
soñó,1
subdesarrollo,1
subsistema,1
sueldo,3
suero,1
suert,2
sueñan,1
sufrimo,1
suiza,1
supuesto,3
sustancial,1
sé,3
sólo,3
söze,1
tabacalera,1
tacita,1
tal,2
talvi,5
tamaño,2
tambo,1
tampoco,1
tan,6
tard,2
tardía,1
tarea,2
tarifa,5
tarjeta,1
tasa,1
tecnología,1
tecnológica,1
tecnológico,1
telesur,1
teléfono,1
tema,5
temprano,1
tendencia,1
tendríamo,2
tenemo,20
tener,12
tengamo,3
teníamo,3
teoría,1
tercer,1
tercero,3
terciaria,2
terciario,1
tercio,3
termina,3
terminaban,2
terminado,1
terminamo,3
terminan,5
terminar,7
terminaron,3
terminó,3
territori,2
tiempo,13
tien,22
tierra,1
tipo,1
tirar,1
toca,3
tocó,1
toda,10
tomada,1
tomart,1
toqu,1
total,1
tra,1
trabajador,38
trabajadora,2
trabajan,1
trabajar,5
trabajo,25
tradicion,1
tradicional,5
transferencia,1
transformacion,1
transformación,1
transformador,1
transformando,1
transformar,1
transformars,1
transición,1
transport,1
tratado,1
tratar,1
travé,1
tre,5
trigo,1
trillo,1
triplicaba,1
triplicó,1
tuvimo,2
tóxico,1
uia,1
ulteriorment,1
unasur,1
unida,1
unidad,3
unido,5
universidad,2
universitario,3
unión,1
urbana,2
uruguay,29
uruguaya,1
uruguayo,21
usar,1
uso,1
usted,7
usuario,1
ute,2
utu,2
va,12
vaca,2
vacant,1
vacuna,2
vale,1
valor,3
vamo,47
van,9
vanguardia,1
vano,2
varia,1
variet,1
vayan,1
ve,3
vea,1
vece,4
vecina,1
veint,1
vemo,3
vender,5
venderl,1
venezuela,7
venga,2
vengan,2
vengo,3
venimo,1
venta,1
ver,19
verd,1
verdad,1
verdura,1
vergüenza,1
vez,8
vicepresidencia,1
vida,9
vieja,2
vien,2
viento,1
vigor,1
vio,1
viola,4
violencia,1
violenta,2
violeta,1
vista,7
vitalidad,1
vivan,1
vive,4
vivienda,5
vivió,1
vivía,1
vo,1
volver,2
volvieron,1
votada,1
votado,1
votamo,1
votar,2
voten,1
voto,3
votó,2
vuelta,2
vuelva,1
vulner,2
vulnerada,1
vulnerado,2
vázquez,1
vía,2
vínculo,1
zona,2
ágil,2
época,1
íbamo,1
óscar,1
última,2
último,11
única,1
único,6
